"","sum_weight_change","site","direction"
"1",49.1188419072569,180,"ns"
"2",0.134300769518726,190,"ns"
"3",0.0189971728913284,205,"ns"
"4",0.00133280123495444,206,"ns"
"5",18.6971251978981,207,"ns"
"6",0.0295596001194617,209,"ns"
"7",512126.177885066,215,"ns"
"8",550439.481069464,216,"ns"
"9",0.00204700088045437,218,"ns"
"10",0.0000303392361883384,220,"ns"
"11",0.00504052042742409,221,"ns"
"12",6408739.4853029,231,"ns"
