"","sum_weight_change","site"
"1",49.1188419072569,180
"2",0.000782918656569821,189
"3",0.000782918656569821,189
"4",0.134300769518728,190
"5",18.6971251978981,207
"6",0.0295596001194617,209
"7",505036.108391314,215
"8",550439.481069464,216
